Año,Mes,ID,Fecha,Estado,Citacion,Cuenta,Acta
2026,Abril,3,07 abr. 2026,Citada,https://www.camara.cl/legislacion/comisiones/citacion_detalle.aspx?prmId=4912&prmIdSesion=81425,No,No
2026,Marzo,2,24 mar. 2026,Suspendida,https://www.camara.cl/legislacion/comisiones/citacion_detalle.aspx?prmId=4912&prmIdSesion=81408,No,No
2026,Marzo,1,17 mar. 2026,Celebrada,https://www.camara.cl/legislacion/comisiones/citacion_detalle.aspx?prmId=4912&prmIdSesion=81360,https://www.camara.cl/verDoc.aspx?prmID=263176&prmTipo=DOCUMENTO_COMISIONSESIONCUENTA,https://www.camara.cl/verDoc.aspx?prmID=263841&prmTipo=DOCUMENTO_COMISIONSESIONACTA
2026,Marzo,109,03 mar. 2026,Celebrada,https://www.camara.cl/legislacion/comisiones/citacion_detalle.aspx?prmId=4912&prmIdSesion=81275,https://www.camara.cl/verDoc.aspx?prmID=256657&prmTipo=DOCUMENTO_COMISIONSESIONCUENTA,https://www.camara.cl/verDoc.aspx?prmID=17723&prmTipo=DOCUMENTO_COMISIONSESIONACTA
2026,Enero,108,27 ene. 2026,Celebrada,https://www.camara.cl/legislacion/comisiones/citacion_detalle.aspx?prmId=4912&prmIdSesion=81233,https://www.camara.cl/verDoc.aspx?prmID=255453&prmTipo=DOCUMENTO_COMISIONSESIONCUENTA,https://www.camara.cl/verDoc.aspx?prmID=16551&prmTipo=DOCUMENTO_COMISIONSESIONACTA
2026,Enero,107,20 ene. 2026,Celebrada,https://www.camara.cl/legislacion/comisiones/citacion_detalle.aspx?prmId=4912&prmIdSesion=81176,https://www.camara.cl/verDoc.aspx?prmID=259411&prmTipo=DOCUMENTO_COMISIONSESIONCUENTA,https://www.camara.cl/verDoc.aspx?prmID=20379&prmTipo=DOCUMENTO_COMISIONSESIONACTA
2026,Enero,106,13 ene. 2026,Celebrada,https://www.camara.cl/legislacion/comisiones/citacion_detalle.aspx?prmId=4912&prmIdSesion=81135,https://www.camara.cl/verDoc.aspx?prmID=246963&prmTipo=DOCUMENTO_COMISIONSESIONCUENTA,https://www.camara.cl/verDoc.aspx?prmID=706&prmTipo=DOCUMENTO_COMISIONSESIONACTA
2026,Enero,105,06 ene. 2026,Celebrada,https://www.camara.cl/legislacion/comisiones/citacion_detalle.aspx?prmId=4912&prmIdSesion=81091,https://www.camara.cl/verDoc.aspx?prmID=251502&prmTipo=DOCUMENTO_COMISIONSESIONCUENTA,https://www.camara.cl/verDoc.aspx?prmID=12663&prmTipo=DOCUMENTO_COMISIONSESIONACTA
2025,Diciembre,104,09 dic. 2025,Celebrada,https://www.camara.cl/legislacion/comisiones/citacion_detalle.aspx?prmId=4912&prmIdSesion=81028,https://www.camara.cl/verDoc.aspx?prmID=259995&prmTipo=DOCUMENTO_COMISIONSESIONCUENTA,https://www.camara.cl/verDoc.aspx?prmID=20939&prmTipo=DOCUMENTO_COMISIONSESIONACTA
2025,Diciembre,103,02 dic. 2025,Celebrada,https://www.camara.cl/legislacion/comisiones/citacion_detalle.aspx?prmId=4912&prmIdSesion=80977,https://www.camara.cl/verDoc.aspx?prmID=246867&prmTipo=DOCUMENTO_COMISIONSESIONCUENTA,https://www.camara.cl/verDoc.aspx?prmID=612&prmTipo=DOCUMENTO_COMISIONSESIONACTA
2025,Noviembre,103,25 nov. 2025,Suspendida,https://www.camara.cl/legislacion/comisiones/citacion_detalle.aspx?prmId=4912&prmIdSesion=80960,No,No
2025,Octubre,103,28 oct. 2025,Suspendida,https://www.camara.cl/legislacion/comisiones/citacion_detalle.aspx?prmId=4912&prmIdSesion=80861,No,No
2025,Octubre,102,14 oct. 2025,Celebrada,https://www.camara.cl/legislacion/comisiones/citacion_detalle.aspx?prmId=4912&prmIdSesion=80840,https://www.camara.cl/verDoc.aspx?prmID=249817&prmTipo=DOCUMENTO_COMISIONSESIONCUENTA,https://www.camara.cl/verDoc.aspx?prmID=10996&prmTipo=DOCUMENTO_COMISIONSESIONACTA
2025,Octubre,101,07 oct. 2025,Celebrada,https://www.camara.cl/legislacion/comisiones/citacion_detalle.aspx?prmId=4912&prmIdSesion=80772,https://www.camara.cl/verDoc.aspx?prmID=257083&prmTipo=DOCUMENTO_COMISIONSESIONCUENTA,https://www.camara.cl/verDoc.aspx?prmID=18140&prmTipo=DOCUMENTO_COMISIONSESIONACTA
2025,Septiembre,101,30 sep. 2025,Suspendida,https://www.camara.cl/legislacion/comisiones/citacion_detalle.aspx?prmId=4912&prmIdSesion=80728,No,No
2025,Septiembre,100,16 sep. 2025,Celebrada,https://www.camara.cl/legislacion/comisiones/citacion_detalle.aspx?prmId=4912&prmIdSesion=80717,https://www.camara.cl/verDoc.aspx?prmID=251153&prmTipo=DOCUMENTO_COMISIONSESIONCUENTA,https://www.camara.cl/verDoc.aspx?prmID=12322&prmTipo=DOCUMENTO_COMISIONSESIONACTA
2025,Septiembre,99,09 sep. 2025,Celebrada,https://www.camara.cl/legislacion/comisiones/citacion_detalle.aspx?prmId=4912&prmIdSesion=80658,https://www.camara.cl/verDoc.aspx?prmID=251838&prmTipo=DOCUMENTO_COMISIONSESIONCUENTA,https://www.camara.cl/verDoc.aspx?prmID=13004&prmTipo=DOCUMENTO_COMISIONSESIONACTA
2025,Septiembre,98,02 sep. 2025,Celebrada,https://www.camara.cl/legislacion/comisiones/citacion_detalle.aspx?prmId=4912&prmIdSesion=80654,https://www.camara.cl/verDoc.aspx?prmID=255444&prmTipo=DOCUMENTO_COMISIONSESIONCUENTA,https://www.camara.cl/verDoc.aspx?prmID=16542&prmTipo=DOCUMENTO_COMISIONSESIONACTA
2025,Agosto,97,12 ago. 2025,Celebrada,https://www.camara.cl/legislacion/comisiones/citacion_detalle.aspx?prmId=4912&prmIdSesion=80515,https://www.camara.cl/verDoc.aspx?prmID=254293&prmTipo=DOCUMENTO_COMISIONSESIONCUENTA,https://www.camara.cl/verDoc.aspx?prmID=15410&prmTipo=DOCUMENTO_COMISIONSESIONACTA
2025,Julio,96,22 jul. 2025,Celebrada,https://www.camara.cl/legislacion/comisiones/citacion_detalle.aspx?prmId=4912&prmIdSesion=80404,https://www.camara.cl/verDoc.aspx?prmID=252668&prmTipo=DOCUMENTO_COMISIONSESIONCUENTA,https://www.camara.cl/verDoc.aspx?prmID=13816&prmTipo=DOCUMENTO_COMISIONSESIONACTA
2025,Julio,95,15 jul. 2025,Celebrada,https://www.camara.cl/legislacion/comisiones/citacion_detalle.aspx?prmId=4912&prmIdSesion=80350,https://www.camara.cl/verDoc.aspx?prmID=249959&prmTipo=DOCUMENTO_COMISIONSESIONCUENTA,https://www.camara.cl/verDoc.aspx?prmID=11142&prmTipo=DOCUMENTO_COMISIONSESIONACTA
2025,Julio,94,08 jul. 2025,Celebrada,https://www.camara.cl/legislacion/comisiones/citacion_detalle.aspx?prmId=4912&prmIdSesion=80310,https://www.camara.cl/verDoc.aspx?prmID=246749&prmTipo=DOCUMENTO_COMISIONSESIONCUENTA,https://www.camara.cl/verDoc.aspx?prmID=493&prmTipo=DOCUMENTO_COMISIONSESIONACTA
2025,Julio,93,01 jul. 2025,Celebrada,https://www.camara.cl/legislacion/comisiones/citacion_detalle.aspx?prmId=4912&prmIdSesion=80258,https://www.camara.cl/verDoc.aspx?prmID=262279&prmTipo=DOCUMENTO_COMISIONSESIONCUENTA,https://www.camara.cl/verDoc.aspx?prmID=23150&prmTipo=DOCUMENTO_COMISIONSESIONACTA
2025,Junio,92,17 jun. 2025,Celebrada,https://www.camara.cl/legislacion/comisiones/citacion_detalle.aspx?prmId=4912&prmIdSesion=80207,https://www.camara.cl/verDoc.aspx?prmID=260705&prmTipo=DOCUMENTO_COMISIONSESIONCUENTA,https://www.camara.cl/verDoc.aspx?prmID=21626&prmTipo=DOCUMENTO_COMISIONSESIONACTA
2025,Junio,91,10 jun. 2025,Celebrada,https://www.camara.cl/legislacion/comisiones/citacion_detalle.aspx?prmId=4912&prmIdSesion=80159,https://www.camara.cl/verDoc.aspx?prmID=255138&prmTipo=DOCUMENTO_COMISIONSESIONCUENTA,https://www.camara.cl/verDoc.aspx?prmID=16232&prmTipo=DOCUMENTO_COMISIONSESIONACTA
2025,Junio,90,03 jun. 2025,Celebrada,https://www.camara.cl/legislacion/comisiones/citacion_detalle.aspx?prmId=4912&prmIdSesion=80116,https://www.camara.cl/verDoc.aspx?prmID=261539&prmTipo=DOCUMENTO_COMISIONSESIONCUENTA,https://www.camara.cl/verDoc.aspx?prmID=22431&prmTipo=DOCUMENTO_COMISIONSESIONACTA
2025,Mayo,89,13 may. 2025,Celebrada,https://www.camara.cl/legislacion/comisiones/citacion_detalle.aspx?prmId=4912&prmIdSesion=80027,https://www.camara.cl/verDoc.aspx?prmID=246617&prmTipo=DOCUMENTO_COMISIONSESIONCUENTA,https://www.camara.cl/verDoc.aspx?prmID=363&prmTipo=DOCUMENTO_COMISIONSESIONACTA
2025,Mayo,89,06 may. 2025,Suspendida,https://www.camara.cl/legislacion/comisiones/citacion_detalle.aspx?prmId=4912&prmIdSesion=79974,No,No
2025,Abril,88,22 abr. 2025,Celebrada,https://www.camara.cl/legislacion/comisiones/citacion_detalle.aspx?prmId=4912&prmIdSesion=79907,https://www.camara.cl/verDoc.aspx?prmID=255490&prmTipo=DOCUMENTO_COMISIONSESIONCUENTA,https://www.camara.cl/verDoc.aspx?prmID=16588&prmTipo=DOCUMENTO_COMISIONSESIONACTA
2025,Abril,87,15 abr. 2025,Celebrada,https://www.camara.cl/legislacion/comisiones/citacion_detalle.aspx?prmId=4912&prmIdSesion=79855,https://www.camara.cl/verDoc.aspx?prmID=246604&prmTipo=DOCUMENTO_COMISIONSESIONCUENTA,https://www.camara.cl/verDoc.aspx?prmID=350&prmTipo=DOCUMENTO_COMISIONSESIONACTA
2025,Abril,86,08 abr. 2025,Celebrada,https://www.camara.cl/legislacion/comisiones/citacion_detalle.aspx?prmId=4912&prmIdSesion=79807,https://www.camara.cl/verDoc.aspx?prmID=246599&prmTipo=DOCUMENTO_COMISIONSESIONCUENTA,https://www.camara.cl/verDoc.aspx?prmID=345&prmTipo=DOCUMENTO_COMISIONSESIONACTA
2025,Marzo,85,25 mar. 2025,Celebrada,https://www.camara.cl/legislacion/comisiones/citacion_detalle.aspx?prmId=4912&prmIdSesion=79774,https://www.camara.cl/verDoc.aspx?prmID=255489&prmTipo=DOCUMENTO_COMISIONSESIONCUENTA,https://www.camara.cl/verDoc.aspx?prmID=16587&prmTipo=DOCUMENTO_COMISIONSESIONACTA
2025,Marzo,84,18 mar. 2025,Celebrada,https://www.camara.cl/legislacion/comisiones/citacion_detalle.aspx?prmId=4912&prmIdSesion=79702,https://www.camara.cl/verDoc.aspx?prmID=256650&prmTipo=DOCUMENTO_COMISIONSESIONCUENTA,https://www.camara.cl/verDoc.aspx?prmID=17716&prmTipo=DOCUMENTO_COMISIONSESIONACTA
2025,Marzo,83,11 mar. 2025,Celebrada,https://www.camara.cl/legislacion/comisiones/citacion_detalle.aspx?prmId=4912&prmIdSesion=79645,https://www.camara.cl/verDoc.aspx?prmID=257780&prmTipo=DOCUMENTO_COMISIONSESIONCUENTA,https://www.camara.cl/verDoc.aspx?prmID=18814&prmTipo=DOCUMENTO_COMISIONSESIONACTA
2025,Marzo,82,04 mar. 2025,Celebrada,https://www.camara.cl/legislacion/comisiones/citacion_detalle.aspx?prmId=4912&prmIdSesion=79581,https://www.camara.cl/verDoc.aspx?prmID=246535&prmTipo=DOCUMENTO_COMISIONSESIONCUENTA,https://www.camara.cl/verDoc.aspx?prmID=281&prmTipo=DOCUMENTO_COMISIONSESIONACTA
2025,Enero,81,21 ene. 2025,Celebrada,https://www.camara.cl/legislacion/comisiones/citacion_detalle.aspx?prmId=4912&prmIdSesion=79516,https://www.camara.cl/verDoc.aspx?prmID=254702&prmTipo=DOCUMENTO_COMISIONSESIONCUENTA,https://www.camara.cl/verDoc.aspx?prmID=15803&prmTipo=DOCUMENTO_COMISIONSESIONACTA
2025,Enero,80,14 ene. 2025,Celebrada,https://www.camara.cl/legislacion/comisiones/citacion_detalle.aspx?prmId=4912&prmIdSesion=79464,https://www.camara.cl/verDoc.aspx?prmID=252743&prmTipo=DOCUMENTO_COMISIONSESIONCUENTA,https://www.camara.cl/verDoc.aspx?prmID=13885&prmTipo=DOCUMENTO_COMISIONSESIONACTA
2025,Enero,79,07 ene. 2025,Celebrada,https://www.camara.cl/legislacion/comisiones/citacion_detalle.aspx?prmId=4912&prmIdSesion=79383,https://www.camara.cl/verDoc.aspx?prmID=250860&prmTipo=DOCUMENTO_COMISIONSESIONCUENTA,https://www.camara.cl/verDoc.aspx?prmID=12032&prmTipo=DOCUMENTO_COMISIONSESIONACTA
2024,Diciembre,78,17 dic. 2024,Celebrada,https://www.camara.cl/legislacion/comisiones/citacion_detalle.aspx?prmId=4912&prmIdSesion=79335,https://www.camara.cl/verDoc.aspx?prmID=255117&prmTipo=DOCUMENTO_COMISIONSESIONCUENTA,https://www.camara.cl/verDoc.aspx?prmID=16211&prmTipo=DOCUMENTO_COMISIONSESIONACTA
2024,Diciembre,77,10 dic. 2024,Celebrada,https://www.camara.cl/legislacion/comisiones/citacion_detalle.aspx?prmId=4912&prmIdSesion=79274,https://www.camara.cl/verDoc.aspx?prmID=246343&prmTipo=DOCUMENTO_COMISIONSESIONCUENTA,https://www.camara.cl/verDoc.aspx?prmID=97&prmTipo=DOCUMENTO_COMISIONSESIONACTA
2024,Diciembre,76,03 dic. 2024,Celebrada,https://www.camara.cl/legislacion/comisiones/citacion_detalle.aspx?prmId=4912&prmIdSesion=79231,https://www.camara.cl/verDoc.aspx?prmID=246958&prmTipo=DOCUMENTO_COMISIONSESIONCUENTA,https://www.camara.cl/verDoc.aspx?prmID=702&prmTipo=DOCUMENTO_COMISIONSESIONACTA
2024,Noviembre,75,26 nov. 2024,Celebrada,https://www.camara.cl/legislacion/comisiones/citacion_detalle.aspx?prmId=4912&prmIdSesion=79185,https://www.camara.cl/verDoc.aspx?prmID=261466&prmTipo=DOCUMENTO_COMISIONSESIONCUENTA,https://www.camara.cl/verDoc.aspx?prmID=22363&prmTipo=DOCUMENTO_COMISIONSESIONACTA
2024,Noviembre,74,19 nov. 2024,Celebrada,https://www.camara.cl/legislacion/comisiones/citacion_detalle.aspx?prmId=4912&prmIdSesion=79151,https://www.camara.cl/verDoc.aspx?prmID=262350&prmTipo=DOCUMENTO_COMISIONSESIONCUENTA,https://www.camara.cl/verDoc.aspx?prmID=23217&prmTipo=DOCUMENTO_COMISIONSESIONACTA
2024,Noviembre,73,05 nov. 2024,Celebrada,https://www.camara.cl/legislacion/comisiones/citacion_detalle.aspx?prmId=4912&prmIdSesion=79098,https://www.camara.cl/verDoc.aspx?prmID=246331&prmTipo=DOCUMENTO_COMISIONSESIONCUENTA,https://www.camara.cl/verDoc.aspx?prmID=85&prmTipo=DOCUMENTO_COMISIONSESIONACTA
2024,Octubre,73,29 oct. 2024,Suspendida,https://www.camara.cl/legislacion/comisiones/citacion_detalle.aspx?prmId=4912&prmIdSesion=79061,No,No
2024,Octubre,72,15 oct. 2024,Celebrada,https://www.camara.cl/legislacion/comisiones/citacion_detalle.aspx?prmId=4912&prmIdSesion=79044,https://www.camara.cl/verDoc.aspx?prmID=256246&prmTipo=DOCUMENTO_COMISIONSESIONCUENTA,https://www.camara.cl/verDoc.aspx?prmID=17327&prmTipo=DOCUMENTO_COMISIONSESIONACTA
2024,Octubre,71,08 oct. 2024,Celebrada,https://www.camara.cl/legislacion/comisiones/citacion_detalle.aspx?prmId=4912&prmIdSesion=78951,https://www.camara.cl/verDoc.aspx?prmID=259150&prmTipo=DOCUMENTO_COMISIONSESIONCUENTA,https://www.camara.cl/verDoc.aspx?prmID=20131&prmTipo=DOCUMENTO_COMISIONSESIONACTA
2024,Octubre,71,01 oct. 2024,Suspendida,https://www.camara.cl/legislacion/comisiones/citacion_detalle.aspx?prmId=4912&prmIdSesion=78926,No,No
2024,Septiembre,70,24 sep. 2024,Celebrada,https://www.camara.cl/legislacion/comisiones/citacion_detalle.aspx?prmId=4912&prmIdSesion=78825,https://www.camara.cl/verDoc.aspx?prmID=249916&prmTipo=DOCUMENTO_COMISIONSESIONCUENTA,https://www.camara.cl/verDoc.aspx?prmID=11097&prmTipo=DOCUMENTO_COMISIONSESIONACTA
2024,Septiembre,70,10 sep. 2024,Suspendida,https://www.camara.cl/legislacion/comisiones/citacion_detalle.aspx?prmId=4912&prmIdSesion=78781,No,No
2024,Septiembre,69,03 sep. 2024,Celebrada,https://www.camara.cl/legislacion/comisiones/citacion_detalle.aspx?prmId=4912&prmIdSesion=78679,https://www.camara.cl/verDoc.aspx?prmID=253807&prmTipo=DOCUMENTO_COMISIONSESIONCUENTA,https://www.camara.cl/verDoc.aspx?prmID=14940&prmTipo=DOCUMENTO_COMISIONSESIONACTA
2024,Agosto,68,27 ago. 2024,Celebrada,https://www.camara.cl/legislacion/comisiones/citacion_detalle.aspx?prmId=4912&prmIdSesion=78621,https://www.camara.cl/verDoc.aspx?prmID=259147&prmTipo=DOCUMENTO_COMISIONSESIONCUENTA,https://www.camara.cl/verDoc.aspx?prmID=20128&prmTipo=DOCUMENTO_COMISIONSESIONACTA
2024,Agosto,67,13 ago. 2024,Celebrada,https://www.camara.cl/legislacion/comisiones/citacion_detalle.aspx?prmId=4912&prmIdSesion=78554,https://www.camara.cl/verDoc.aspx?prmID=256642&prmTipo=DOCUMENTO_COMISIONSESIONCUENTA,https://www.camara.cl/verDoc.aspx?prmID=17709&prmTipo=DOCUMENTO_COMISIONSESIONACTA
2024,Agosto,66,06 ago. 2024,Celebrada,https://www.camara.cl/legislacion/comisiones/citacion_detalle.aspx?prmId=4912&prmIdSesion=78500,https://www.camara.cl/verDoc.aspx?prmID=254696&prmTipo=DOCUMENTO_COMISIONSESIONCUENTA,https://www.camara.cl/verDoc.aspx?prmID=15798&prmTipo=DOCUMENTO_COMISIONSESIONACTA
2024,Julio,65,30 jul. 2024,Celebrada,https://www.camara.cl/legislacion/comisiones/citacion_detalle.aspx?prmId=4912&prmIdSesion=78441,https://www.camara.cl/verDoc.aspx?prmID=259138&prmTipo=DOCUMENTO_COMISIONSESIONCUENTA,https://www.camara.cl/verDoc.aspx?prmID=20119&prmTipo=DOCUMENTO_COMISIONSESIONACTA
2024,Julio,64,23 jul. 2024,Celebrada,https://www.camara.cl/legislacion/comisiones/citacion_detalle.aspx?prmId=4912&prmIdSesion=78362,https://www.camara.cl/verDoc.aspx?prmID=261584&prmTipo=DOCUMENTO_COMISIONSESIONCUENTA,https://www.camara.cl/verDoc.aspx?prmID=22475&prmTipo=DOCUMENTO_COMISIONSESIONACTA
2024,Julio,63,09 jul. 2024,Celebrada,https://www.camara.cl/legislacion/comisiones/citacion_detalle.aspx?prmId=4912&prmIdSesion=78293,https://www.camara.cl/verDoc.aspx?prmID=260009&prmTipo=DOCUMENTO_COMISIONSESIONCUENTA,https://www.camara.cl/verDoc.aspx?prmID=20953&prmTipo=DOCUMENTO_COMISIONSESIONACTA
2024,Julio,62,02 jul. 2024,Celebrada,https://www.camara.cl/legislacion/comisiones/citacion_detalle.aspx?prmId=4912&prmIdSesion=78201,https://www.camara.cl/verDoc.aspx?prmID=257612&prmTipo=DOCUMENTO_COMISIONSESIONCUENTA,https://www.camara.cl/verDoc.aspx?prmID=18652&prmTipo=DOCUMENTO_COMISIONSESIONACTA
2024,Junio,61,18 jun. 2024,Celebrada,https://www.camara.cl/legislacion/comisiones/citacion_detalle.aspx?prmId=4912&prmIdSesion=78143,https://www.camara.cl/verDoc.aspx?prmID=258808&prmTipo=DOCUMENTO_COMISIONSESIONCUENTA,https://www.camara.cl/verDoc.aspx?prmID=19803&prmTipo=DOCUMENTO_COMISIONSESIONACTA
2024,Junio,60,11 jun. 2024,Celebrada,https://www.camara.cl/legislacion/comisiones/citacion_detalle.aspx?prmId=4912&prmIdSesion=78038,https://www.camara.cl/verDoc.aspx?prmID=254043&prmTipo=DOCUMENTO_COMISIONSESIONCUENTA,https://www.camara.cl/verDoc.aspx?prmID=15164&prmTipo=DOCUMENTO_COMISIONSESIONACTA
2024,Junio,59,04 jun. 2024,Celebrada,https://www.camara.cl/legislacion/comisiones/citacion_detalle.aspx?prmId=4912&prmIdSesion=77954,https://www.camara.cl/verDoc.aspx?prmID=258893&prmTipo=DOCUMENTO_COMISIONSESIONCUENTA,https://www.camara.cl/verDoc.aspx?prmID=19889&prmTipo=DOCUMENTO_COMISIONSESIONACTA
2024,Mayo,58,30 may. 2024,Celebrada,https://www.camara.cl/legislacion/comisiones/citacion_detalle.aspx?prmId=4912&prmIdSesion=77882,https://www.camara.cl/verDoc.aspx?prmID=251061&prmTipo=DOCUMENTO_COMISIONSESIONCUENTA,https://www.camara.cl/verDoc.aspx?prmID=12233&prmTipo=DOCUMENTO_COMISIONSESIONACTA
2024,Mayo,57,14 may. 2024,Celebrada,https://www.camara.cl/legislacion/comisiones/citacion_detalle.aspx?prmId=4912&prmIdSesion=77823,https://www.camara.cl/verDoc.aspx?prmID=251635&prmTipo=DOCUMENTO_COMISIONSESIONCUENTA,https://www.camara.cl/verDoc.aspx?prmID=12793&prmTipo=DOCUMENTO_COMISIONSESIONACTA
2024,Mayo,57,07 may. 2024,Suspendida,https://www.camara.cl/legislacion/comisiones/citacion_detalle.aspx?prmId=4912&prmIdSesion=77760,No,No
2024,Abril,57,23 abr. 2024,Suspendida,https://www.camara.cl/legislacion/comisiones/citacion_detalle.aspx?prmId=4912&prmIdSesion=77655,No,No
2024,Abril,56,16 abr. 2024,Celebrada,https://www.camara.cl/legislacion/comisiones/citacion_detalle.aspx?prmId=4912&prmIdSesion=77568,https://www.camara.cl/verDoc.aspx?prmID=260074&prmTipo=DOCUMENTO_COMISIONSESIONCUENTA,https://www.camara.cl/verDoc.aspx?prmID=21018&prmTipo=DOCUMENTO_COMISIONSESIONACTA
2024,Abril,55,09 abr. 2024,Celebrada,https://www.camara.cl/legislacion/comisiones/citacion_detalle.aspx?prmId=4912&prmIdSesion=77528,https://www.camara.cl/verDoc.aspx?prmID=252415&prmTipo=DOCUMENTO_COMISIONSESIONCUENTA,https://www.camara.cl/verDoc.aspx?prmID=13562&prmTipo=DOCUMENTO_COMISIONSESIONACTA
2024,Abril,54,02 abr. 2024,Celebrada,https://www.camara.cl/legislacion/comisiones/citacion_detalle.aspx?prmId=4912&prmIdSesion=77439,https://www.camara.cl/verDoc.aspx?prmID=261345&prmTipo=DOCUMENTO_COMISIONSESIONCUENTA,https://www.camara.cl/verDoc.aspx?prmID=22240&prmTipo=DOCUMENTO_COMISIONSESIONACTA
2024,Marzo,53,19 mar. 2024,Celebrada,https://www.camara.cl/legislacion/comisiones/citacion_detalle.aspx?prmId=4912&prmIdSesion=77281,https://www.camara.cl/verDoc.aspx?prmID=253085&prmTipo=DOCUMENTO_COMISIONSESIONCUENTA,https://www.camara.cl/verDoc.aspx?prmID=14221&prmTipo=DOCUMENTO_COMISIONSESIONACTA
2024,Marzo,52,12 mar. 2024,Celebrada,https://www.camara.cl/legislacion/comisiones/citacion_detalle.aspx?prmId=4912&prmIdSesion=77228,https://www.camara.cl/verDoc.aspx?prmID=259199&prmTipo=DOCUMENTO_COMISIONSESIONCUENTA,https://www.camara.cl/verDoc.aspx?prmID=20181&prmTipo=DOCUMENTO_COMISIONSESIONACTA
2024,Enero,51,23 ene. 2024,Celebrada,https://www.camara.cl/legislacion/comisiones/citacion_detalle.aspx?prmId=4912&prmIdSesion=77014,https://www.camara.cl/verDoc.aspx?prmID=250032&prmTipo=DOCUMENTO_COMISIONSESIONCUENTA,https://www.camara.cl/verDoc.aspx?prmID=11217&prmTipo=DOCUMENTO_COMISIONSESIONACTA
2024,Enero,50,16 ene. 2024,Celebrada,https://www.camara.cl/legislacion/comisiones/citacion_detalle.aspx?prmId=4912&prmIdSesion=76903,https://www.camara.cl/verDoc.aspx?prmID=252234&prmTipo=DOCUMENTO_COMISIONSESIONCUENTA,https://www.camara.cl/verDoc.aspx?prmID=13393&prmTipo=DOCUMENTO_COMISIONSESIONACTA
2024,Enero,50,09 ene. 2024,Suspendida,https://www.camara.cl/legislacion/comisiones/citacion_detalle.aspx?prmId=4912&prmIdSesion=76745,No,No
2023,Diciembre,49,19 dic. 2023,Celebrada,https://www.camara.cl/legislacion/comisiones/citacion_detalle.aspx?prmId=4912&prmIdSesion=76651,https://www.camara.cl/verDoc.aspx?prmID=262338&prmTipo=DOCUMENTO_COMISIONSESIONCUENTA,https://www.camara.cl/verDoc.aspx?prmID=23206&prmTipo=DOCUMENTO_COMISIONSESIONACTA
2023,Diciembre,48,12 dic. 2023,Celebrada,https://www.camara.cl/legislacion/comisiones/citacion_detalle.aspx?prmId=4912&prmIdSesion=76411,https://www.camara.cl/verDoc.aspx?prmID=261201&prmTipo=DOCUMENTO_COMISIONSESIONCUENTA,https://www.camara.cl/verDoc.aspx?prmID=22103&prmTipo=DOCUMENTO_COMISIONSESIONACTA
2023,Noviembre,47,21 nov. 2023,Celebrada,https://www.camara.cl/legislacion/comisiones/citacion_detalle.aspx?prmId=4912&prmIdSesion=76300,https://www.camara.cl/verDoc.aspx?prmID=258779&prmTipo=DOCUMENTO_COMISIONSESIONCUENTA,https://www.camara.cl/verDoc.aspx?prmID=19776&prmTipo=DOCUMENTO_COMISIONSESIONACTA
2023,Noviembre,46,07 nov. 2023,Celebrada,https://www.camara.cl/legislacion/comisiones/citacion_detalle.aspx?prmId=4912&prmIdSesion=76163,https://www.camara.cl/verDoc.aspx?prmID=262081&prmTipo=DOCUMENTO_COMISIONSESIONCUENTA,https://www.camara.cl/verDoc.aspx?prmID=22958&prmTipo=DOCUMENTO_COMISIONSESIONACTA
2023,Octubre,45,24 oct. 2023,Celebrada,https://www.camara.cl/legislacion/comisiones/citacion_detalle.aspx?prmId=4912&prmIdSesion=76096,https://www.camara.cl/verDoc.aspx?prmID=256034&prmTipo=DOCUMENTO_COMISIONSESIONCUENTA,https://www.camara.cl/verDoc.aspx?prmID=17123&prmTipo=DOCUMENTO_COMISIONSESIONACTA
2023,Octubre,44,17 oct. 2023,Celebrada,https://www.camara.cl/legislacion/comisiones/citacion_detalle.aspx?prmId=4912&prmIdSesion=75996,https://www.camara.cl/verDoc.aspx?prmID=252614&prmTipo=DOCUMENTO_COMISIONSESIONCUENTA,https://www.camara.cl/verDoc.aspx?prmID=13764&prmTipo=DOCUMENTO_COMISIONSESIONACTA
2023,Octubre,43,10 oct. 2023,Celebrada,https://www.camara.cl/legislacion/comisiones/citacion_detalle.aspx?prmId=4912&prmIdSesion=75901,https://www.camara.cl/verDoc.aspx?prmID=256030&prmTipo=DOCUMENTO_COMISIONSESIONCUENTA,https://www.camara.cl/verDoc.aspx?prmID=17119&prmTipo=DOCUMENTO_COMISIONSESIONACTA
2023,Octubre,42,03 oct. 2023,Celebrada,https://www.camara.cl/legislacion/comisiones/citacion_detalle.aspx?prmId=4912&prmIdSesion=75818,https://www.camara.cl/verDoc.aspx?prmID=261575&prmTipo=DOCUMENTO_COMISIONSESIONCUENTA,https://www.camara.cl/verDoc.aspx?prmID=22466&prmTipo=DOCUMENTO_COMISIONSESIONACTA
2023,Septiembre,42,26 sep. 2023,Suspendida,https://www.camara.cl/legislacion/comisiones/citacion_detalle.aspx?prmId=4912&prmIdSesion=75737,No,No
2023,Septiembre,41,12 sep. 2023,Celebrada,https://www.camara.cl/legislacion/comisiones/citacion_detalle.aspx?prmId=4912&prmIdSesion=75677,https://www.camara.cl/verDoc.aspx?prmID=250967&prmTipo=DOCUMENTO_COMISIONSESIONCUENTA,https://www.camara.cl/verDoc.aspx?prmID=12140&prmTipo=DOCUMENTO_COMISIONSESIONACTA
2023,Septiembre,40,05 sep. 2023,Celebrada,https://www.camara.cl/legislacion/comisiones/citacion_detalle.aspx?prmId=4912&prmIdSesion=75623,https://www.camara.cl/verDoc.aspx?prmID=249798&prmTipo=DOCUMENTO_COMISIONSESIONCUENTA,https://www.camara.cl/verDoc.aspx?prmID=10977&prmTipo=DOCUMENTO_COMISIONSESIONACTA
2023,Agosto,39,29 ago. 2023,Celebrada,https://www.camara.cl/legislacion/comisiones/citacion_detalle.aspx?prmId=4912&prmIdSesion=75584,https://www.camara.cl/verDoc.aspx?prmID=257366&prmTipo=DOCUMENTO_COMISIONSESIONCUENTA,https://www.camara.cl/verDoc.aspx?prmID=18410&prmTipo=DOCUMENTO_COMISIONSESIONACTA
2023,Agosto,38,22 ago. 2023,Celebrada,https://www.camara.cl/legislacion/comisiones/citacion_detalle.aspx?prmId=4912&prmIdSesion=75480,https://www.camara.cl/verDoc.aspx?prmID=260630&prmTipo=DOCUMENTO_COMISIONSESIONCUENTA,https://www.camara.cl/verDoc.aspx?prmID=21558&prmTipo=DOCUMENTO_COMISIONSESIONACTA
2023,Agosto,37,08 ago. 2023,Celebrada,https://www.camara.cl/legislacion/comisiones/citacion_detalle.aspx?prmId=4912&prmIdSesion=75450,https://www.camara.cl/verDoc.aspx?prmID=255194&prmTipo=DOCUMENTO_COMISIONSESIONCUENTA,https://www.camara.cl/verDoc.aspx?prmID=16293&prmTipo=DOCUMENTO_COMISIONSESIONACTA
2023,Agosto,36,01 ago. 2023,Celebrada,https://www.camara.cl/legislacion/comisiones/citacion_detalle.aspx?prmId=4912&prmIdSesion=75324,https://www.camara.cl/verDoc.aspx?prmID=261959&prmTipo=DOCUMENTO_COMISIONSESIONCUENTA,https://www.camara.cl/verDoc.aspx?prmID=22842&prmTipo=DOCUMENTO_COMISIONSESIONACTA
2023,Julio,35,27 jul. 2023,Celebrada,https://www.camara.cl/legislacion/comisiones/citacion_detalle.aspx?prmId=4912&prmIdSesion=75278,https://www.camara.cl/verDoc.aspx?prmID=251238&prmTipo=DOCUMENTO_COMISIONSESIONCUENTA,https://www.camara.cl/verDoc.aspx?prmID=12402&prmTipo=DOCUMENTO_COMISIONSESIONACTA
2023,Julio,34,25 jul. 2023,Celebrada,https://www.camara.cl/legislacion/comisiones/citacion_detalle.aspx?prmId=4912&prmIdSesion=75221,https://www.camara.cl/verDoc.aspx?prmID=260365&prmTipo=DOCUMENTO_COMISIONSESIONCUENTA,https://www.camara.cl/verDoc.aspx?prmID=21300&prmTipo=DOCUMENTO_COMISIONSESIONACTA
2023,Julio,33,11 jul. 2023,Celebrada,https://www.camara.cl/legislacion/comisiones/citacion_detalle.aspx?prmId=4912&prmIdSesion=75135,https://www.camara.cl/verDoc.aspx?prmID=260841&prmTipo=DOCUMENTO_COMISIONSESIONCUENTA,https://www.camara.cl/verDoc.aspx?prmID=21754&prmTipo=DOCUMENTO_COMISIONSESIONACTA
2023,Julio,33,04 jul. 2023,Suspendida,https://www.camara.cl/legislacion/comisiones/citacion_detalle.aspx?prmId=4912&prmIdSesion=75053,No,No
2023,Junio,33,20 jun. 2023,Suspendida,https://www.camara.cl/legislacion/comisiones/citacion_detalle.aspx?prmId=4912&prmIdSesion=75061,No,No
2023,Junio,32,13 jun. 2023,Celebrada,https://www.camara.cl/legislacion/comisiones/citacion_detalle.aspx?prmId=4912&prmIdSesion=74941,https://www.camara.cl/verDoc.aspx?prmID=260064&prmTipo=DOCUMENTO_COMISIONSESIONCUENTA,https://www.camara.cl/verDoc.aspx?prmID=21008&prmTipo=DOCUMENTO_COMISIONSESIONACTA
2023,Junio,32,06 jun. 2023,Suspendida,https://www.camara.cl/legislacion/comisiones/citacion_detalle.aspx?prmId=4912&prmIdSesion=74881,No,No
2023,Mayo,31,30 may. 2023,Celebrada,https://www.camara.cl/legislacion/comisiones/citacion_detalle.aspx?prmId=4912&prmIdSesion=74838,https://www.camara.cl/verDoc.aspx?prmID=259864&prmTipo=DOCUMENTO_COMISIONSESIONCUENTA,https://www.camara.cl/verDoc.aspx?prmID=20811&prmTipo=DOCUMENTO_COMISIONSESIONACTA
2023,Mayo,30,09 may. 2023,Celebrada,https://www.camara.cl/legislacion/comisiones/citacion_detalle.aspx?prmId=4912&prmIdSesion=74618,https://www.camara.cl/verDoc.aspx?prmID=262395&prmTipo=DOCUMENTO_COMISIONSESIONCUENTA,https://www.camara.cl/verDoc.aspx?prmID=23263&prmTipo=DOCUMENTO_COMISIONSESIONACTA
2023,Abril,30,25 abr. 2023,Suspendida,https://www.camara.cl/legislacion/comisiones/citacion_detalle.aspx?prmId=4912&prmIdSesion=74498,No,No
2023,Abril,30,18 abr. 2023,Suspendida,https://www.camara.cl/legislacion/comisiones/citacion_detalle.aspx?prmId=4912&prmIdSesion=74425,No,No
2023,Abril,29,11 abr. 2023,Celebrada,https://www.camara.cl/legislacion/comisiones/citacion_detalle.aspx?prmId=4912&prmIdSesion=74318,https://www.camara.cl/verDoc.aspx?prmID=250553&prmTipo=DOCUMENTO_COMISIONSESIONCUENTA,https://www.camara.cl/verDoc.aspx?prmID=11729&prmTipo=DOCUMENTO_COMISIONSESIONACTA
2023,Abril,28,04 abr. 2023,Celebrada,https://www.camara.cl/legislacion/comisiones/citacion_detalle.aspx?prmId=4912&prmIdSesion=74158,https://www.camara.cl/verDoc.aspx?prmID=246691&prmTipo=DOCUMENTO_COMISIONSESIONCUENTA,https://www.camara.cl/verDoc.aspx?prmID=437&prmTipo=DOCUMENTO_COMISIONSESIONACTA
2023,Marzo,27,21 mar. 2023,Celebrada,https://www.camara.cl/legislacion/comisiones/citacion_detalle.aspx?prmId=4912&prmIdSesion=74097,https://www.camara.cl/verDoc.aspx?prmID=260106&prmTipo=DOCUMENTO_COMISIONSESIONCUENTA,https://www.camara.cl/verDoc.aspx?prmID=21049&prmTipo=DOCUMENTO_COMISIONSESIONACTA
2023,Marzo,26,15 mar. 2023,Celebrada,https://www.camara.cl/legislacion/comisiones/citacion_detalle.aspx?prmId=4912&prmIdSesion=74096,https://www.camara.cl/verDoc.aspx?prmID=260105&prmTipo=DOCUMENTO_COMISIONSESIONCUENTA,https://www.camara.cl/verDoc.aspx?prmID=21048&prmTipo=DOCUMENTO_COMISIONSESIONACTA
2023,Marzo,25,14 mar. 2023,Celebrada,https://www.camara.cl/legislacion/comisiones/citacion_detalle.aspx?prmId=4912&prmIdSesion=73957,https://www.camara.cl/verDoc.aspx?prmID=253044&prmTipo=DOCUMENTO_COMISIONSESIONCUENTA,https://www.camara.cl/verDoc.aspx?prmID=14183&prmTipo=DOCUMENTO_COMISIONSESIONACTA
2023,Marzo,25,07 mar. 2023,Suspendida,https://www.camara.cl/legislacion/comisiones/citacion_detalle.aspx?prmId=4912&prmIdSesion=73896,No,No
2023,Enero,24,17 ene. 2023,Celebrada,https://www.camara.cl/legislacion/comisiones/citacion_detalle.aspx?prmId=4912&prmIdSesion=73749,https://www.camara.cl/verDoc.aspx?prmID=261296&prmTipo=DOCUMENTO_COMISIONSESIONCUENTA,https://www.camara.cl/verDoc.aspx?prmID=22195&prmTipo=DOCUMENTO_COMISIONSESIONACTA
2023,Enero,23,10 ene. 2023,Celebrada,https://www.camara.cl/legislacion/comisiones/citacion_detalle.aspx?prmId=4912&prmIdSesion=73519,https://www.camara.cl/verDoc.aspx?prmID=255956&prmTipo=DOCUMENTO_COMISIONSESIONCUENTA,https://www.camara.cl/verDoc.aspx?prmID=17050&prmTipo=DOCUMENTO_COMISIONSESIONACTA
2023,Enero,22,03 ene. 2023,Celebrada,https://www.camara.cl/legislacion/comisiones/citacion_detalle.aspx?prmId=4912&prmIdSesion=73376,https://www.camara.cl/verDoc.aspx?prmID=257549&prmTipo=DOCUMENTO_COMISIONSESIONCUENTA,https://www.camara.cl/verDoc.aspx?prmID=18594&prmTipo=DOCUMENTO_COMISIONSESIONACTA
2022,Diciembre,21,20 dic. 2022,Celebrada,https://www.camara.cl/legislacion/comisiones/citacion_detalle.aspx?prmId=4912&prmIdSesion=73247,https://www.camara.cl/verDoc.aspx?prmID=258368&prmTipo=DOCUMENTO_COMISIONSESIONCUENTA,https://www.camara.cl/verDoc.aspx?prmID=19376&prmTipo=DOCUMENTO_COMISIONSESIONACTA
2022,Diciembre,20,13 dic. 2022,Celebrada,https://www.camara.cl/legislacion/comisiones/citacion_detalle.aspx?prmId=4912&prmIdSesion=73089,https://www.camara.cl/verDoc.aspx?prmID=251226&prmTipo=DOCUMENTO_COMISIONSESIONCUENTA,https://www.camara.cl/verDoc.aspx?prmID=12390&prmTipo=DOCUMENTO_COMISIONSESIONACTA
2022,Noviembre,19,29 nov. 2022,Celebrada,https://www.camara.cl/legislacion/comisiones/citacion_detalle.aspx?prmId=4912&prmIdSesion=73012,https://www.camara.cl/verDoc.aspx?prmID=258770&prmTipo=DOCUMENTO_COMISIONSESIONCUENTA,https://www.camara.cl/verDoc.aspx?prmID=19768&prmTipo=DOCUMENTO_COMISIONSESIONACTA
2022,Noviembre,18,22 nov. 2022,Celebrada,https://www.camara.cl/legislacion/comisiones/citacion_detalle.aspx?prmId=4912&prmIdSesion=72930,https://www.camara.cl/verDoc.aspx?prmID=254001&prmTipo=DOCUMENTO_COMISIONSESIONCUENTA,https://www.camara.cl/verDoc.aspx?prmID=15125&prmTipo=DOCUMENTO_COMISIONSESIONACTA
2022,Noviembre,17,08 nov. 2022,Fracasada,https://www.camara.cl/legislacion/comisiones/citacion_detalle.aspx?prmId=4912&prmIdSesion=72811,https://www.camara.cl/verDoc.aspx?prmID=257205&prmTipo=DOCUMENTO_COMISIONSESIONCUENTA,https://www.camara.cl/verDoc.aspx?prmID=18256&prmTipo=DOCUMENTO_COMISIONSESIONACTA
2022,Octubre,16,25 oct. 2022,Celebrada,https://www.camara.cl/legislacion/comisiones/citacion_detalle.aspx?prmId=4912&prmIdSesion=72729,https://www.camara.cl/verDoc.aspx?prmID=257546&prmTipo=DOCUMENTO_COMISIONSESIONCUENTA,https://www.camara.cl/verDoc.aspx?prmID=18590&prmTipo=DOCUMENTO_COMISIONSESIONACTA
2022,Octubre,16,18 oct. 2022,Suspendida,https://www.camara.cl/legislacion/comisiones/citacion_detalle.aspx?prmId=4912&prmIdSesion=72629,No,No
2022,Octubre,15,11 oct. 2022,Celebrada,https://www.camara.cl/legislacion/comisiones/citacion_detalle.aspx?prmId=4912&prmIdSesion=72604,https://www.camara.cl/verDoc.aspx?prmID=246290&prmTipo=DOCUMENTO_COMISIONSESIONCUENTA,https://www.camara.cl/verDoc.aspx?prmID=48&prmTipo=DOCUMENTO_COMISIONSESIONACTA
2022,Octubre,15,04 oct. 2022,Suspendida,https://www.camara.cl/legislacion/comisiones/citacion_detalle.aspx?prmId=4912&prmIdSesion=72507,No,No
2022,Septiembre,15,27 sep. 2022,Suspendida,https://www.camara.cl/legislacion/comisiones/citacion_detalle.aspx?prmId=4912&prmIdSesion=72435,No,No
2022,Septiembre,14,13 sep. 2022,Celebrada,https://www.camara.cl/legislacion/comisiones/citacion_detalle.aspx?prmId=4912&prmIdSesion=72361,https://www.camara.cl/verDoc.aspx?prmID=256361&prmTipo=DOCUMENTO_COMISIONSESIONCUENTA,https://www.camara.cl/verDoc.aspx?prmID=17439&prmTipo=DOCUMENTO_COMISIONSESIONACTA
2022,Agosto,13,30 ago. 2022,Celebrada,https://www.camara.cl/legislacion/comisiones/citacion_detalle.aspx?prmId=4912&prmIdSesion=72217,https://www.camara.cl/verDoc.aspx?prmID=259781&prmTipo=DOCUMENTO_COMISIONSESIONCUENTA,https://www.camara.cl/verDoc.aspx?prmID=20735&prmTipo=DOCUMENTO_COMISIONSESIONACTA
2022,Agosto,12,16 ago. 2022,Celebrada,https://www.camara.cl/legislacion/comisiones/citacion_detalle.aspx?prmId=4912&prmIdSesion=72157,https://www.camara.cl/verDoc.aspx?prmID=253038&prmTipo=DOCUMENTO_COMISIONSESIONCUENTA,https://www.camara.cl/verDoc.aspx?prmID=14176&prmTipo=DOCUMENTO_COMISIONSESIONACTA
2022,Agosto,11,02 ago. 2022,Celebrada,https://www.camara.cl/legislacion/comisiones/citacion_detalle.aspx?prmId=4912&prmIdSesion=72038,https://www.camara.cl/verDoc.aspx?prmID=256900&prmTipo=DOCUMENTO_COMISIONSESIONCUENTA,https://www.camara.cl/verDoc.aspx?prmID=17958&prmTipo=DOCUMENTO_COMISIONSESIONACTA
2022,Julio,11,19 jul. 2022,Suspendida,https://www.camara.cl/legislacion/comisiones/citacion_detalle.aspx?prmId=4912&prmIdSesion=71943,No,No
2022,Julio,11,12 jul. 2022,Suspendida,https://www.camara.cl/legislacion/comisiones/citacion_detalle.aspx?prmId=4912&prmIdSesion=71895,No,No
2022,Julio,10,05 jul. 2022,Celebrada,https://www.camara.cl/legislacion/comisiones/citacion_detalle.aspx?prmId=4912&prmIdSesion=71857,https://www.camara.cl/verDoc.aspx?prmID=254608&prmTipo=DOCUMENTO_COMISIONSESIONCUENTA,https://www.camara.cl/verDoc.aspx?prmID=15712&prmTipo=DOCUMENTO_COMISIONSESIONACTA
2022,Junio,9,14 jun. 2022,Celebrada,https://www.camara.cl/legislacion/comisiones/citacion_detalle.aspx?prmId=4912&prmIdSesion=71699,https://www.camara.cl/verDoc.aspx?prmID=256507&prmTipo=DOCUMENTO_COMISIONSESIONCUENTA,https://www.camara.cl/verDoc.aspx?prmID=17579&prmTipo=DOCUMENTO_COMISIONSESIONACTA
2022,Mayo,8,31 may. 2022,Celebrada,https://www.camara.cl/legislacion/comisiones/citacion_detalle.aspx?prmId=4912&prmIdSesion=71550,https://www.camara.cl/verDoc.aspx?prmID=256130&prmTipo=DOCUMENTO_COMISIONSESIONCUENTA,https://www.camara.cl/verDoc.aspx?prmID=17215&prmTipo=DOCUMENTO_COMISIONSESIONACTA
2022,Mayo,7,17 may. 2022,Celebrada,https://www.camara.cl/legislacion/comisiones/citacion_detalle.aspx?prmId=4912&prmIdSesion=71460,https://www.camara.cl/verDoc.aspx?prmID=257449&prmTipo=DOCUMENTO_COMISIONSESIONCUENTA,https://www.camara.cl/verDoc.aspx?prmID=18498&prmTipo=DOCUMENTO_COMISIONSESIONACTA
2022,Mayo,6,10 may. 2022,Celebrada,https://www.camara.cl/legislacion/comisiones/citacion_detalle.aspx?prmId=4912&prmIdSesion=71336,https://www.camara.cl/verDoc.aspx?prmID=246927&prmTipo=DOCUMENTO_COMISIONSESIONCUENTA,https://www.camara.cl/verDoc.aspx?prmID=671&prmTipo=DOCUMENTO_COMISIONSESIONACTA
2022,Mayo,5,03 may. 2022,Celebrada,https://www.camara.cl/legislacion/comisiones/citacion_detalle.aspx?prmId=4912&prmIdSesion=71115,https://www.camara.cl/verDoc.aspx?prmID=261089&prmTipo=DOCUMENTO_COMISIONSESIONCUENTA,https://www.camara.cl/verDoc.aspx?prmID=21988&prmTipo=DOCUMENTO_COMISIONSESIONACTA
2022,Abril,4,19 abr. 2022,Celebrada,https://www.camara.cl/legislacion/comisiones/citacion_detalle.aspx?prmId=4912&prmIdSesion=71043,https://www.camara.cl/verDoc.aspx?prmID=258074&prmTipo=DOCUMENTO_COMISIONSESIONCUENTA,https://www.camara.cl/verDoc.aspx?prmID=19093&prmTipo=DOCUMENTO_COMISIONSESIONACTA
2022,Abril,3,05 abr. 2022,Celebrada,https://www.camara.cl/legislacion/comisiones/citacion_detalle.aspx?prmId=4912&prmIdSesion=70900,https://www.camara.cl/verDoc.aspx?prmID=256128&prmTipo=DOCUMENTO_COMISIONSESIONCUENTA,https://www.camara.cl/verDoc.aspx?prmID=17213&prmTipo=DOCUMENTO_COMISIONSESIONACTA
2022,Marzo,2,22 mar. 2022,Celebrada,https://www.camara.cl/legislacion/comisiones/citacion_detalle.aspx?prmId=4912&prmIdSesion=70820,https://www.camara.cl/verDoc.aspx?prmID=260255&prmTipo=DOCUMENTO_COMISIONSESIONCUENTA,https://www.camara.cl/verDoc.aspx?prmID=21190&prmTipo=DOCUMENTO_COMISIONSESIONACTA
2022,Marzo,1,15 mar. 2022,Celebrada,https://www.camara.cl/legislacion/comisiones/citacion_detalle.aspx?prmId=4912&prmIdSesion=70776,https://www.camara.cl/verDoc.aspx?prmID=253904&prmTipo=DOCUMENTO_COMISIONSESIONCUENTA,https://www.camara.cl/verDoc.aspx?prmID=15029&prmTipo=DOCUMENTO_COMISIONSESIONACTA
